{
  "bleu-1": 17.227473090397176,
  "bleu-2": 6.655623422487003,
  "bleu-3": 3.4260591708633727,
  "bleu-4": 2.0220345934824246,
  "dist-1": 4.09824428564668,
  "dist-2": 23.271077772991056,
  "dist-3": 46.53573376977632,
  "f1": 19.10049742381664,
  "length": 16.08818279186005,
  "perplexity": 16.430145263671875,
  "rouge-l": 16.13761066418681
}