{
  "bleu-1": 18.57697555592933,
  "bleu-2": 7.042490549327949,
  "bleu-3": 3.4180082456261576,
  "bleu-4": 1.897377255366266,
  "dist-1": 3.594303050733187,
  "dist-2": 21.35548440543627,
  "dist-3": 44.73508193588457,
  "f1": 18.933295624660072,
  "length": 17.945376651196,
  "perplexity": 15.629778861999512,
  "rouge-l": 15.775996841793335
}