epoch,global_step,step,freq_loss,freq_ppl
0,4387,4387,2.2713992595672607,9.692954063415527
1,8773,8773,2.2315306663513184,9.314112663269043
2,13159,13159,2.221590995788574,9.221991539001465
3,17545,17545,2.2201058864593506,9.208305358886719
4,21931,21931,2.228058338165283,9.28182601928711
