{
  "bleu-1": 17.053700162031017,
  "bleu-2": 6.127652979157998,
  "bleu-3": 2.7792994125721298,
  "bleu-4": 1.4433700392375277,
  "dist-1": 4.15288000540212,
  "dist-2": 24.559169749675682,
  "dist-3": 50.26400515132002,
  "f1": 18.22573646171939,
  "length": 16.861121028204213,
  "perplexity": 19.288022994995117,
  "rouge-l": 15.34078577814235
}