epoch,global_step,step,freq_loss,freq_ppl
0,767,767,2.737351417541504,15.44602108001709
1,1533,1533,2.7181124687194824,15.15169620513916
2,2299,2299,2.7261152267456055,15.273436546325684
3,3065,3065,2.7459661960601807,15.579659461975098
4,3831,3831,2.7572131156921387,15.75587272644043
