epoch,global_step,step,freq_loss,freq_ppl
0,767,767,2.724165916442871,15.243694305419922
1,1533,1533,2.6955294609069824,14.813359260559082
