epoch,global_step,step,freq_loss,freq_ppl
0,9067,9067,2.1282684803009033,8.400308609008789
1,18133,18133,2.0000929832458496,7.389743328094482
